timestamp,machine_id,spindle_speed,feed_rate,vibration,temperature,power_consumption,tool_id,cycle_count,machine_status
2026-09-11 16:00:00,CNC-08,5924,1269,1.423,37.39,3.82,T-05,761,Running
2026-09-11 16:00:00,CNC-07,6108,1184,1.581,37.92,4.23,T-17,779,Running
2026-09-11 16:00:00,CNC-06,5973,1239,1.372,41.71,5.18,T-18,579,Running
2026-09-11 16:00:00,CNC-05,6081,1195,1.002,37.86,3.94,T-18,877,Running
2026-09-11 16:00:00,CNC-04,5896,1190,1.359,36.91,3.89,T-08,827,Running
2026-09-11 16:00:00,CNC-03,6012,1217,3.521,40.39,4.56,T-18,692,Warning
2026-09-11 16:00:00,CNC-02,6006,1230,1.661,38.72,4.18,T-09,220,Running
2026-09-11 16:00:00,CNC-01,6208,1166,1.256,37.39,4.61,T-01,1212,Running
2026-09-11 18:00:00,CNC-08,5909,1181,1.55,37.05,4.08,T-09,1123,Running
2026-09-11 18:00:00,CNC-01,5940,1232,1.301,39.43,4.5,T-09,955,Running
2026-09-11 18:00:00,CNC-02,6097,1184,1.048,40.92,4.06,T-04,252,Running
2026-09-11 18:00:00,CNC-03,6185,1185,3.363,40.76,5.02,T-07,355,Warning
2026-09-11 18:00:00,CNC-04,5902,1225,1.516,36.77,4.32,T-04,284,Running
2026-09-11 18:00:00,CNC-05,6188,1162,1.263,34.99,4.5,T-11,225,Running
2026-09-11 18:00:00,CNC-06,5902,1166,1.288,41.65,5.07,T-05,1091,Running
2026-09-11 18:00:00,CNC-07,5941,1201,1.026,38.69,4.12,T-18,1190,Running
2026-09-11 20:00:00,CNC-08,5922,1191,1.229,38.25,4.07,T-05,688,Running
2026-09-11 20:00:00,CNC-07,5706,1201,1.342,36.49,4.32,T-08,340,Running
2026-09-11 20:00:00,CNC-06,6279,1223,1.217,39.04,4.88,T-09,367,Running
2026-09-11 20:00:00,CNC-05,5883,1200,1.132,37.84,4.02,T-13,870,Running
2026-09-11 20:00:00,CNC-03,5982,1233,3.781,39.73,5.31,T-13,538,Warning
2026-09-11 20:00:00,CNC-02,5881,1202,1.601,38.54,4.21,T-14,651,Running
2026-09-11 20:00:00,CNC-01,6008,1170,1.359,36.4,4.48,T-19,240,Running
2026-09-11 20:00:00,CNC-04,5962,1202,1.189,37.1,3.99,T-01,371,Running
2026-09-11 22:00:00,CNC-08,5771,1231,1.26,36.29,3.89,T-18,1154,Running
2026-09-11 22:00:00,CNC-07,5823,1228,1.37,38.86,4.16,T-18,365,Running
2026-09-11 22:00:00,CNC-06,5985,1226,1.472,41.87,4.9,T-09,1100,Running
2026-09-11 22:00:00,CNC-05,5844,1158,1.093,37.7,3.72,T-16,1121,Running
2026-09-11 22:00:00,CNC-04,5933,1205,1.093,35.16,4.34,T-15,1233,Running
2026-09-11 22:00:00,CNC-03,5690,1139,3.34,42.58,4.63,T-08,448,Warning
2026-09-11 22:00:00,CNC-02,5961,1198,1.329,40.86,4.76,T-14,648,Running
2026-09-11 22:00:00,CNC-01,6006,1201,1.208,39.75,4.92,T-16,1018,Running
2026-09-12 00:00:00,CNC-06,5886,1247,1.439,39.31,4.77,T-03,781,Running
2026-09-12 00:00:00,CNC-01,5907,1177,1.162,38.34,4.39,T-18,603,Running
2026-09-12 00:00:00,CNC-02,5917,1214,1.668,39.05,4.44,T-10,1238,Running
2026-09-12 00:00:00,CNC-03,5767,1181,3.287,43.37,4.76,T-05,592,Warning
2026-09-12 00:00:00,CNC-04,6036,1160,1.216,37.23,4.26,T-18,200,Running
2026-09-12 00:00:00,CNC-08,6063,1243,1.245,35.55,3.98,T-03,1132,Running
2026-09-12 00:00:00,CNC-07,6013,1142,1.316,38.99,4.49,T-08,835,Running
2026-09-12 00:00:00,CNC-05,5985,1247,0.89,37.44,3.56,T-11,1152,Running
2026-09-12 02:00:00,CNC-03,6022,1180,3.726,43.57,4.95,T-08,746,Warning
2026-09-12 02:00:00,CNC-04,6003,1206,1.318,36.77,4.52,T-15,916,Running
2026-09-12 02:00:00,CNC-05,5979,1180,0.958,38.91,4.2,T-07,1016,Running
2026-09-12 02:00:00,CNC-08,6273,1200,1.089,36.94,4.19,T-13,589,Running
2026-09-12 02:00:00,CNC-07,5896,1171,1.424,39.01,4.27,T-09,278,Running
2026-09-12 02:00:00,CNC-02,5905,1157,1.539,39.75,3.95,T-06,880,Running
2026-09-12 02:00:00,CNC-06,6073,1196,1.382,41.55,4.75,T-18,878,Running
2026-09-12 02:00:00,CNC-01,6183,1213,1.298,37.6,4.73,T-14,516,Running
2026-09-12 04:00:00,CNC-04,6032,1194,1.154,36.59,4.09,T-07,740,Running
2026-09-12 04:00:00,CNC-07,6073,1243,1.226,37.86,4.45,T-02,956,Running
2026-09-12 04:00:00,CNC-01,5838,1132,1.14,38.51,4.7,T-03,700,Running
2026-09-12 04:00:00,CNC-02,6051,1194,1.114,38.75,3.92,T-17,216,Running
2026-09-12 04:00:00,CNC-03,5968,1162,3.653,42.38,4.81,T-05,741,Warning
2026-09-12 04:00:00,CNC-08,6166,1231,1.041,37.23,3.98,T-02,932,Running
2026-09-12 04:00:00,CNC-05,6245,1217,1.23,37.1,4.48,T-14,766,Running
2026-09-12 04:00:00,CNC-06,5975,1184,1.638,43.21,5.19,T-14,219,Running
2026-09-12 06:00:00,CNC-07,6073,1203,1.447,39.47,3.75,T-09,1010,Running
2026-09-12 06:00:00,CNC-06,5949,1177,1.608,40.62,4.98,T-19,1270,Running
2026-09-12 06:00:00,CNC-05,5983,1238,1.282,36.24,3.94,T-13,445,Running
2026-09-12 06:00:00,CNC-04,6217,1224,1.23,37.77,4.02,T-17,364,Running
2026-09-12 06:00:00,CNC-03,5928,1210,3.599,41.59,4.74,T-18,324,Warning
2026-09-12 06:00:00,CNC-02,6154,1192,1.575,40.07,4.37,T-18,1196,Running
2026-09-12 06:00:00,CNC-01,5870,1133,1.317,37.91,4.56,T-13,204,Running
2026-09-12 06:00:00,CNC-08,5973,1269,1.192,37.74,3.88,T-20,404,Running
2026-09-12 08:00:00,CNC-03,6029,1184,3.607,43.36,4.91,T-19,1168,Warning
2026-09-12 08:00:00,CNC-04,5901,1164,1.182,37.76,4.04,T-14,1156,Running
2026-09-12 08:00:00,CNC-02,5851,1203,1.416,38.53,4.18,T-11,345,Running
2026-09-12 08:00:00,CNC-05,6049,1183,1.063,34.67,4.13,T-02,1024,Running
2026-09-12 08:00:00,CNC-07,5728,1252,1.842,39.63,4.64,T-18,400,Running
2026-09-12 08:00:00,CNC-06,6194,1224,1.481,38.62,4.92,T-06,770,Running
2026-09-12 08:00:00,CNC-01,5959,1206,1.185,37.92,4.48,T-01,671,Running
2026-09-12 08:00:00,CNC-08,5966,1206,1.07,36.17,3.82,T-06,1032,Running
2026-09-12 10:00:00,CNC-07,5816,1193,1.636,37.59,4.31,T-20,1066,Running
2026-09-12 10:00:00,CNC-08,6000,1210,1.053,38.06,3.64,T-12,1097,Running
2026-09-12 10:00:00,CNC-02,5948,1240,1.576,41.57,3.94,T-06,1239,Running
2026-09-12 10:00:00,CNC-01,5929,1197,1.049,38.53,4.99,T-04,801,Running
2026-09-12 10:00:00,CNC-04,6163,1160,1.299,40.24,4.17,T-11,1200,Running
2026-09-12 10:00:00,CNC-05,5983,1188,1.388,37.68,4.1,T-10,690,Running
2026-09-12 10:00:00,CNC-06,5910,1192,1.505,41.94,5.0,T-18,457,Running
2026-09-12 10:00:00,CNC-03,5948,1199,3.746,43.67,4.58,T-20,607,Warning
2026-09-12 12:00:00,CNC-08,5981,1242,1.39,36.38,3.52,T-01,434,Running
2026-09-12 12:00:00,CNC-06,6055,1204,1.409,40.48,4.79,T-08,483,Running
2026-09-12 12:00:00,CNC-05,6158,1224,1.104,38.34,3.97,T-09,485,Running
2026-09-12 12:00:00,CNC-04,6114,1182,1.648,36.83,3.89,T-11,635,Running
2026-09-12 12:00:00,CNC-03,6086,1217,3.605,42.3,4.92,T-11,314,Warning
2026-09-12 12:00:00,CNC-02,5967,1180,1.376,39.16,4.77,T-15,977,Running
2026-09-12 12:00:00,CNC-01,6073,1178,1.132,36.26,4.82,T-07,746,Running
2026-09-12 12:00:00,CNC-07,5923,1199,1.178,37.53,4.07,T-06,1064,Running
2026-09-12 14:00:00,CNC-01,6042,1197,1.194,37.1,4.57,T-04,251,Running
2026-09-12 14:00:00,CNC-08,5923,1221,1.252,36.7,4.15,T-04,978,Running
2026-09-12 14:00:00,CNC-07,6098,1219,1.287,37.85,4.33,T-19,593,Running
2026-09-12 14:00:00,CNC-06,5824,1159,1.316,38.86,4.65,T-13,361,Running
2026-09-12 14:00:00,CNC-05,5867,1195,1.339,38.13,3.64,T-03,978,Running
2026-09-12 14:00:00,CNC-04,6104,1192,1.598,37.13,4.22,T-06,1065,Running
2026-09-12 14:00:00,CNC-03,6063,1189,3.551,40.18,4.76,T-18,607,Warning
2026-09-12 14:00:00,CNC-02,6017,1240,1.212,40.02,4.22,T-19,1064,Running
2026-09-12 16:00:00,CNC-01,6037,1191,1.258,36.46,4.44,T-15,820,Running
2026-09-12 16:00:00,CNC-02,6101,1167,1.41,41.62,4.43,T-12,787,Running
2026-09-12 16:00:00,CNC-03,5753,1148,3.415,42.35,5.14,T-17,987,Warning
2026-09-12 16:00:00,CNC-04,6126,1191,1.385,36.38,3.92,T-07,858,Running
2026-09-12 16:00:00,CNC-06,5908,1214,1.568,40.32,4.95,T-06,945,Running
2026-09-12 16:00:00,CNC-07,6021,1189,1.353,36.52,4.4,T-20,307,Running
2026-09-12 16:00:00,CNC-08,6070,1221,1.09,36.21,4.09,T-20,507,Running
2026-09-12 16:00:00,CNC-05,6128,1166,1.008,36.78,4.0,T-11,372,Running
2026-09-12 18:00:00,CNC-03,6062,1185,3.445,41.23,4.83,T-08,1092,Warning
2026-09-12 18:00:00,CNC-01,6016,1175,1.161,36.79,4.54,T-19,1028,Running
2026-09-12 18:00:00,CNC-02,6196,1230,1.64,40.83,3.71,T-20,1142,Running
2026-09-12 18:00:00,CNC-04,5739,1195,1.414,36.91,4.09,T-06,356,Running
2026-09-12 18:00:00,CNC-06,6091,1246,1.579,41.11,4.44,T-20,513,Running
2026-09-12 18:00:00,CNC-07,6085,1160,1.307,36.17,3.76,T-16,1150,Running
2026-09-12 18:00:00,CNC-08,6026,1209,1.116,38.11,3.54,T-20,861,Running
2026-09-12 18:00:00,CNC-05,5919,1212,1.061,34.6,4.07,T-12,919,Running
2026-09-12 20:00:00,CNC-08,6101,1170,1.331,39.69,3.87,T-02,1093,Running
2026-09-12 20:00:00,CNC-07,5811,1253,1.249,36.85,4.53,T-13,1290,Running
2026-09-12 20:00:00,CNC-06,5998,1181,1.414,40.93,4.83,T-09,792,Running
2026-09-12 20:00:00,CNC-05,6027,1248,1.18,40.2,4.16,T-10,293,Running
2026-09-12 20:00:00,CNC-04,5877,1179,1.476,38.89,4.34,T-12,1080,Running
2026-09-12 20:00:00,CNC-03,5922,1207,3.452,42.44,4.8,T-03,757,Warning
2026-09-12 20:00:00,CNC-02,6001,1190,1.508,40.02,4.1,T-11,373,Running
2026-09-12 20:00:00,CNC-01,6092,1214,1.355,38.8,4.3,T-05,262,Running
2026-09-12 22:00:00,CNC-03,5959,1220,3.413,41.45,4.79,T-12,466,Warning
2026-09-12 22:00:00,CNC-01,6085,1243,1.183,36.97,4.43,T-13,1051,Running
2026-09-12 22:00:00,CNC-02,5819,1220,1.334,39.93,4.26,T-16,337,Running
2026-09-12 22:00:00,CNC-04,5906,1231,1.397,39.09,4.03,T-14,305,Running
2026-09-12 22:00:00,CNC-08,5888,1187,1.452,39.42,3.82,T-11,918,Running
2026-09-12 22:00:00,CNC-06,6218,1191,1.688,41.82,4.35,T-19,663,Running
2026-09-12 22:00:00,CNC-07,5972,1192,1.13,37.09,4.28,T-20,253,Running
2026-09-12 22:00:00,CNC-05,6145,1165,1.041,36.09,4.38,T-07,516,Running
2026-09-13 00:00:00,CNC-01,6153,1219,0.94,37.46,4.89,T-05,466,Running
2026-09-13 00:00:00,CNC-02,6087,1222,1.504,40.44,4.22,T-08,863,Running
2026-09-13 00:00:00,CNC-04,6426,1221,1.291,36.95,4.44,T-02,1267,Running
2026-09-13 00:00:00,CNC-03,5995,1127,3.343,42.31,4.88,T-04,330,Warning
2026-09-13 00:00:00,CNC-06,5898,1192,1.6,40.73,5.15,T-03,458,Running
2026-09-13 00:00:00,CNC-07,6090,1232,1.25,39.57,3.9,T-20,1286,Running
2026-09-13 00:00:00,CNC-08,5807,1228,1.344,34.73,4.02,T-18,640,Running
2026-09-13 00:00:00,CNC-05,5974,1235,1.032,35.52,4.08,T-13,1073,Running
2026-09-13 02:00:00,CNC-02,6176,1185,1.473,38.62,4.36,T-18,477,Running
2026-09-13 02:00:00,CNC-05,5900,1222,1.243,36.66,4.29,T-12,403,Running
2026-09-13 02:00:00,CNC-04,5917,1207,1.121,37.19,3.94,T-09,267,Running
2026-09-13 02:00:00,CNC-06,5795,1138,1.545,41.69,4.89,T-04,1131,Running
2026-09-13 02:00:00,CNC-03,5884,1220,3.394,40.99,5.27,T-18,1058,Warning
2026-09-13 02:00:00,CNC-01,6092,1216,1.234,38.24,5.31,T-10,1036,Running
2026-09-13 02:00:00,CNC-08,6007,1198,1.098,36.68,3.92,T-07,677,Running
2026-09-13 02:00:00,CNC-07,5982,1201,1.303,38.82,4.21,T-02,883,Running
2026-09-13 04:00:00,CNC-08,6206,1221,1.234,37.73,3.71,T-18,871,Running
2026-09-13 04:00:00,CNC-06,5994,1215,1.802,42.01,4.93,T-13,949,Running
2026-09-13 04:00:00,CNC-05,6203,1249,1.097,35.71,4.48,T-16,804,Running
2026-09-13 04:00:00,CNC-04,6044,1179,1.371,34.89,3.99,T-18,949,Running
2026-09-13 04:00:00,CNC-02,5953,1230,1.175,40.92,3.99,T-05,398,Running
2026-09-13 04:00:00,CNC-01,6201,1204,1.219,38.76,4.5,T-08,921,Running
2026-09-13 04:00:00,CNC-07,5978,1200,1.06,37.07,4.41,T-12,736,Running
2026-09-13 04:00:00,CNC-03,6191,1207,3.593,41.48,4.88,T-19,947,Warning
2026-09-13 06:00:00,CNC-04,6086,1139,1.246,37.49,4.13,T-09,1141,Running
2026-09-13 06:00:00,CNC-07,6318,1186,0.881,36.5,4.11,T-19,935,Running
2026-09-13 06:00:00,CNC-06,5912,1202,1.446,41.37,5.03,T-15,818,Running
2026-09-13 06:00:00,CNC-05,5992,1244,1.423,38.09,4.21,T-18,523,Running
2026-09-13 06:00:00,CNC-08,6128,1143,1.099,38.68,3.58,T-19,300,Running
2026-09-13 06:00:00,CNC-03,5871,1181,3.486,41.25,4.88,T-06,361,Warning
2026-09-13 06:00:00,CNC-02,5968,1182,1.449,39.55,4.46,T-14,498,Running
2026-09-13 06:00:00,CNC-01,6019,1226,1.263,38.88,4.72,T-04,1108,Running
2026-09-13 08:00:00,CNC-01,5951,1174,1.066,37.73,4.2,T-05,1114,Running
2026-09-13 08:00:00,CNC-02,6005,1191,1.437,38.71,4.12,T-07,689,Running
2026-09-13 08:00:00,CNC-04,5863,1213,1.301,39.17,3.73,T-17,879,Running
2026-09-13 08:00:00,CNC-03,5695,1191,3.433,43.16,5.3,T-16,980,Warning
2026-09-13 08:00:00,CNC-06,6142,1152,1.575,39.62,4.41,T-11,1014,Running
2026-09-13 08:00:00,CNC-07,6011,1183,1.081,36.41,3.99,T-13,848,Running
2026-09-13 08:00:00,CNC-08,6138,1224,1.126,36.97,3.53,T-10,665,Running
2026-09-13 08:00:00,CNC-05,5942,1122,1.073,35.59,3.92,T-15,231,Running
2026-09-13 10:00:00,CNC-08,5845,1178,1.128,36.66,3.33,T-01,779,Running
2026-09-13 10:00:00,CNC-07,5879,1232,1.379,37.47,4.36,T-17,479,Running
2026-09-13 10:00:00,CNC-06,5798,1245,1.351,41.06,5.12,T-16,1167,Running
2026-09-13 10:00:00,CNC-05,5959,1191,1.048,36.24,4.19,T-15,440,Running
2026-09-13 10:00:00,CNC-04,6264,1196,1.075,37.0,4.06,T-10,228,Running
2026-09-13 10:00:00,CNC-03,6030,1214,3.727,41.06,5.35,T-10,1097,Warning
2026-09-13 10:00:00,CNC-02,6043,1236,1.461,38.07,3.9,T-20,1220,Running
2026-09-13 10:00:00,CNC-01,5902,1234,1.203,37.95,4.69,T-13,1253,Running
2026-09-13 12:00:00,CNC-03,5854,1196,3.444,41.68,4.57,T-09,1224,Warning
2026-09-13 12:00:00,CNC-01,6075,1206,1.28,38.57,4.62,T-07,1070,Running
2026-09-13 12:00:00,CNC-04,6102,1169,1.097,37.74,4.47,T-01,387,Running
2026-09-13 12:00:00,CNC-02,5959,1228,1.441,38.25,4.3,T-10,791,Running
2026-09-13 12:00:00,CNC-06,6093,1215,1.543,40.08,4.58,T-19,1092,Running
2026-09-13 12:00:00,CNC-07,6161,1182,1.158,36.12,4.12,T-11,857,Running
2026-09-13 12:00:00,CNC-08,5858,1271,1.551,36.0,3.86,T-18,275,Running
2026-09-13 12:00:00,CNC-05,6129,1177,0.874,35.86,4.14,T-01,751,Running
2026-09-13 14:00:00,CNC-08,6039,1159,0.975,35.96,3.28,T-15,345,Running
2026-09-13 14:00:00,CNC-07,6084,1187,1.108,38.69,4.25,T-01,1036,Running
2026-09-13 14:00:00,CNC-06,6021,1210,1.467,40.63,4.68,T-07,741,Running
2026-09-13 14:00:00,CNC-05,5874,1219,1.029,38.37,3.68,T-19,1078,Running
2026-09-13 14:00:00,CNC-04,6084,1186,1.473,37.69,3.86,T-20,662,Running
2026-09-13 14:00:00,CNC-03,6361,1237,3.714,43.24,4.73,T-02,510,Warning
2026-09-13 14:00:00,CNC-02,6151,1218,1.445,40.03,3.97,T-16,433,Running
2026-09-13 14:00:00,CNC-01,6024,1203,1.337,36.88,4.24,T-16,410,Running
2026-09-13 16:00:00,CNC-01,5958,1213,1.122,36.41,4.72,T-17,836,Running
2026-09-13 16:00:00,CNC-02,5869,1233,1.77,36.04,4.41,T-16,513,Running
2026-09-13 16:00:00,CNC-03,5819,1156,3.69,39.88,5.03,T-16,1300,Warning
2026-09-13 16:00:00,CNC-04,6050,1192,1.151,36.38,4.06,T-17,1114,Running
2026-09-13 16:00:00,CNC-05,6202,1157,1.155,38.22,4.25,T-18,1235,Running
2026-09-13 16:00:00,CNC-07,6050,1194,1.25,38.31,3.86,T-17,1050,Running
2026-09-13 16:00:00,CNC-08,5975,1209,1.052,36.68,3.76,T-01,646,Running
2026-09-13 16:00:00,CNC-06,6047,1169,1.581,42.21,4.96,T-19,1201,Running
2026-09-13 18:00:00,CNC-08,5957,1228,1.148,37.56,3.85,T-12,683,Running
2026-09-13 18:00:00,CNC-07,6139,1179,1.188,38.51,4.14,T-13,682,Running
2026-09-13 18:00:00,CNC-06,6012,1198,1.634,42.36,4.77,T-04,578,Running
2026-09-13 18:00:00,CNC-05,6070,1185,0.936,35.7,3.78,T-07,559,Running
2026-09-13 18:00:00,CNC-04,5947,1221,1.175,37.46,4.06,T-15,726,Running
2026-09-13 18:00:00,CNC-03,5997,1209,3.662,41.59,4.8,T-17,1211,Warning
2026-09-13 18:00:00,CNC-02,5835,1212,1.429,40.48,4.1,T-20,419,Running
2026-09-13 18:00:00,CNC-01,5928,1224,1.297,39.84,4.64,T-13,1214,Running
2026-09-13 20:00:00,CNC-03,6152,1198,3.663,44.19,4.96,T-09,1181,Warning
2026-09-13 20:00:00,CNC-01,6230,1231,1.362,39.25,3.99,T-09,789,Running
2026-09-13 20:00:00,CNC-02,6239,1232,1.061,42.39,4.36,T-05,794,Running
2026-09-13 20:00:00,CNC-04,5832,1191,1.371,37.58,4.47,T-19,690,Running
2026-09-13 20:00:00,CNC-08,6029,1196,1.444,35.01,4.04,T-02,558,Running
2026-09-13 20:00:00,CNC-06,5828,1206,1.506,39.58,4.38,T-06,1033,Running
2026-09-13 20:00:00,CNC-07,5826,1205,1.288,38.61,4.34,T-10,857,Running
2026-09-13 20:00:00,CNC-05,6121,1237,0.896,37.79,4.35,T-02,405,Running
2026-09-13 22:00:00,CNC-06,6026,1152,1.763,40.38,5.0,T-15,1291,Running
2026-09-13 22:00:00,CNC-05,5998,1146,0.909,36.62,4.29,T-02,482,Running
2026-09-13 22:00:00,CNC-04,5770,1210,1.376,35.85,4.1,T-07,1040,Running
2026-09-13 22:00:00,CNC-03,6120,1172,3.391,41.18,5.1,T-08,264,Warning
2026-09-13 22:00:00,CNC-02,6018,1171,1.448,37.6,4.14,T-16,549,Running
2026-09-13 22:00:00,CNC-01,5972,1201,1.179,39.74,4.82,T-01,1171,Running
2026-09-13 22:00:00,CNC-08,5847,1204,1.179,36.49,3.53,T-10,624,Running
2026-09-13 22:00:00,CNC-07,5969,1224,1.34,39.04,4.13,T-09,1191,Running
2026-09-14 00:00:00,CNC-02,5955,1196,1.257,38.79,4.13,T-13,304,Running
2026-09-14 00:00:00,CNC-08,5910,1212,1.134,36.72,3.91,T-01,954,Running
2026-09-14 00:00:00,CNC-07,5991,1168,1.152,37.41,4.01,T-20,812,Running
2026-09-14 00:00:00,CNC-06,5949,1227,1.329,42.77,5.25,T-05,1255,Running
2026-09-14 00:00:00,CNC-05,6045,1212,1.065,37.0,4.38,T-07,1242,Running
2026-09-14 00:00:00,CNC-04,6186,1181,1.577,37.8,3.88,T-13,964,Running
2026-09-14 00:00:00,CNC-03,5987,1259,3.611,41.03,5.38,T-17,1122,Warning
2026-09-14 00:00:00,CNC-01,5869,1202,1.291,36.96,4.8,T-18,216,Running
2026-09-14 02:00:00,CNC-03,5990,1173,3.57,39.63,5.13,T-11,853,Warning
2026-09-14 02:00:00,CNC-05,5939,1227,1.203,35.86,4.52,T-10,986,Running
2026-09-14 02:00:00,CNC-06,5859,1196,1.178,41.12,4.51,T-11,588,Running
2026-09-14 02:00:00,CNC-04,6000,1213,1.44,36.57,4.14,T-11,695,Running
2026-09-14 02:00:00,CNC-08,5923,1172,1.337,34.52,3.82,T-02,776,Running
2026-09-14 02:00:00,CNC-02,6046,1239,1.492,38.22,4.31,T-02,523,Running
2026-09-14 02:00:00,CNC-07,5989,1206,1.658,38.62,3.65,T-10,1218,Running
2026-09-14 02:00:00,CNC-01,6217,1172,1.12,37.21,4.51,T-16,793,Running
2026-09-14 04:00:00,CNC-07,5974,1241,1.406,36.91,4.33,T-20,891,Running
2026-09-14 04:00:00,CNC-06,6064,1193,1.59,40.27,4.8,T-18,391,Running
2026-09-14 04:00:00,CNC-05,5886,1217,1.165,36.05,3.79,T-17,781,Running
2026-09-14 04:00:00,CNC-04,6044,1271,1.142,38.97,4.6,T-10,537,Running
2026-09-14 04:00:00,CNC-03,5995,1217,3.609,41.37,4.5,T-18,572,Warning
2026-09-14 04:00:00,CNC-02,5953,1175,1.506,38.68,3.99,T-05,849,Running
2026-09-14 04:00:00,CNC-01,6016,1166,1.009,39.14,4.25,T-03,833,Running
2026-09-14 04:00:00,CNC-08,5851,1221,1.261,35.81,3.45,T-19,742,Running
2026-09-14 06:00:00,CNC-05,5996,1286,1.211,38.48,4.46,T-03,1125,Running
2026-09-14 06:00:00,CNC-02,6000,1214,1.205,38.11,4.42,T-17,951,Running
2026-09-14 06:00:00,CNC-03,6139,1194,3.27,41.7,5.32,T-06,1222,Warning
2026-09-14 06:00:00,CNC-04,6019,1215,1.2,36.0,3.25,T-20,784,Running
2026-09-14 06:00:00,CNC-08,6170,1245,1.166,33.65,3.95,T-18,955,Running
2026-09-14 06:00:00,CNC-07,6062,1201,1.224,38.17,4.34,T-06,940,Running
2026-09-14 06:00:00,CNC-01,5963,1203,1.021,36.89,4.73,T-13,266,Running
2026-09-14 06:00:00,CNC-06,5978,1216,1.411,40.05,4.74,T-12,332,Running
2026-09-14 08:00:00,CNC-01,6105,1211,1.195,40.01,4.58,T-18,1169,Running
2026-09-14 08:00:00,CNC-02,6152,1168,1.105,40.32,4.37,T-11,759,Running
2026-09-14 08:00:00,CNC-06,5903,1178,1.641,40.62,4.26,T-15,286,Running
2026-09-14 08:00:00,CNC-04,6042,1222,1.267,33.95,4.44,T-14,361,Running
2026-09-14 08:00:00,CNC-05,6063,1216,1.041,37.69,3.63,T-04,363,Running
2026-09-14 08:00:00,CNC-07,5983,1204,1.227,37.12,3.89,T-02,353,Running
2026-09-14 08:00:00,CNC-03,6004,1146,3.773,41.77,4.43,T-13,894,Warning
2026-09-14 08:00:00,CNC-08,6020,1171,1.232,37.44,3.82,T-20,1097,Running
2026-09-14 10:00:00,CNC-03,5976,1238,3.655,41.93,4.71,T-03,1272,Warning
2026-09-14 10:00:00,CNC-07,6080,1175,1.115,36.59,4.7,T-15,1180,Running
2026-09-14 10:00:00,CNC-06,6094,1246,1.366,38.89,4.67,T-02,921,Running
2026-09-14 10:00:00,CNC-05,5851,1197,0.963,38.41,3.7,T-12,338,Running
2026-09-14 10:00:00,CNC-04,5860,1235,1.286,38.64,4.17,T-13,1162,Running
2026-09-14 10:00:00,CNC-08,5955,1228,1.233,37.79,3.66,T-02,608,Running
2026-09-14 10:00:00,CNC-02,5930,1191,1.292,40.62,4.2,T-10,1079,Running
2026-09-14 10:00:00,CNC-01,5961,1157,1.291,36.79,4.16,T-03,427,Running
2026-09-14 12:00:00,CNC-01,6171,1226,1.226,37.38,4.5,T-06,608,Running
2026-09-14 12:00:00,CNC-02,6007,1176,1.264,40.08,4.04,T-04,1256,Running
2026-09-14 12:00:00,CNC-03,5882,1251,3.632,41.54,5.39,T-17,501,Warning
2026-09-14 12:00:00,CNC-04,5962,1208,1.07,36.58,4.25,T-14,309,Running
2026-09-14 12:00:00,CNC-06,5804,1156,1.533,41.07,4.52,T-16,484,Running
2026-09-14 12:00:00,CNC-07,5939,1154,1.318,38.87,4.62,T-01,724,Running
2026-09-14 12:00:00,CNC-08,5892,1167,1.32,37.64,3.93,T-08,816,Running
2026-09-14 12:00:00,CNC-05,5894,1205,1.071,37.3,3.95,T-08,257,Running
2026-09-14 14:00:00,CNC-03,6517,1214,3.461,43.72,5.41,T-06,638,Warning
2026-09-14 14:00:00,CNC-01,6108,1214,0.907,36.41,4.41,T-13,464,Running
2026-09-14 14:00:00,CNC-02,5926,1221,1.135,38.73,3.99,T-17,391,Running
2026-09-14 14:00:00,CNC-04,6024,1194,1.404,37.8,3.63,T-04,1239,Running
2026-09-14 14:00:00,CNC-07,5954,1216,1.311,39.08,4.73,T-10,1119,Running
2026-09-14 14:00:00,CNC-06,6010,1232,1.271,39.47,5.0,T-15,289,Running
2026-09-14 14:00:00,CNC-08,5891,1224,1.144,36.05,3.85,T-19,1102,Running
2026-09-14 14:00:00,CNC-05,6167,1154,1.029,36.4,4.16,T-11,468,Running
2026-09-14 16:00:00,CNC-07,6094,1215,1.133,39.93,3.94,T-10,525,Running
2026-09-14 16:00:00,CNC-06,6173,1252,1.052,42.0,4.06,T-06,1103,Running
2026-09-14 16:00:00,CNC-05,5940,1203,0.889,38.5,4.26,T-02,294,Running
2026-09-14 16:00:00,CNC-04,5981,1231,1.246,38.38,3.97,T-16,749,Running
2026-09-14 16:00:00,CNC-03,6219,1188,3.563,42.34,4.76,T-12,329,Warning
2026-09-14 16:00:00,CNC-02,5956,1241,1.137,38.31,4.26,T-16,870,Running
2026-09-14 16:00:00,CNC-01,6106,1188,1.322,37.04,4.48,T-03,1025,Running
2026-09-14 16:00:00,CNC-08,6053,1192,1.089,35.51,4.13,T-03,961,Running
2026-09-14 18:00:00,CNC-02,6238,1251,1.427,39.28,4.16,T-08,809,Running
2026-09-14 18:00:00,CNC-01,6180,1233,1.072,34.52,4.28,T-02,1103,Running
2026-09-14 18:00:00,CNC-03,5911,1144,3.756,42.49,5.4,T-04,685,Warning
2026-09-14 18:00:00,CNC-08,5916,1247,1.333,38.32,3.63,T-13,1202,Running
2026-09-14 18:00:00,CNC-05,5976,1222,1.151,35.96,4.35,T-09,544,Running
2026-09-14 18:00:00,CNC-06,6022,1192,1.665,42.5,4.73,T-17,395,Running
2026-09-14 18:00:00,CNC-07,6003,1257,1.516,38.84,4.48,T-05,711,Running
2026-09-14 18:00:00,CNC-04,6078,1225,1.341,38.07,4.15,T-20,1076,Running
2026-09-14 20:00:00,CNC-08,6136,1212,1.13,36.82,4.13,T-19,1214,Running
2026-09-14 20:00:00,CNC-07,5949,1250,1.319,39.04,4.34,T-08,798,Running
2026-09-14 20:00:00,CNC-06,5882,1206,1.438,39.86,4.95,T-16,1037,Running
2026-09-14 20:00:00,CNC-05,6138,1191,1.147,38.24,4.35,T-01,1192,Running
2026-09-14 20:00:00,CNC-04,6120,1226,1.218,37.54,3.99,T-06,541,Running
2026-09-14 20:00:00,CNC-03,5851,1203,3.715,40.88,4.88,T-20,482,Warning
2026-09-14 20:00:00,CNC-02,6077,1218,1.357,40.32,4.38,T-03,474,Running
2026-09-14 20:00:00,CNC-01,5951,1239,1.292,38.73,4.14,T-15,553,Running
2026-09-14 22:00:00,CNC-01,6036,1233,1.182,37.5,4.76,T-05,913,Running
2026-09-14 22:00:00,CNC-02,6092,1205,1.186,40.2,4.11,T-16,399,Running
2026-09-14 22:00:00,CNC-03,6089,1197,3.531,41.68,4.87,T-11,423,Warning
2026-09-14 22:00:00,CNC-06,5781,1212,1.471,40.22,4.81,T-13,209,Running
2026-09-14 22:00:00,CNC-05,6052,1238,1.03,38.43,4.06,T-14,1010,Running
2026-09-14 22:00:00,CNC-07,6134,1229,1.327,37.67,4.42,T-18,582,Running
2026-09-14 22:00:00,CNC-08,6077,1221,1.327,36.78,3.61,T-16,1280,Running
2026-09-14 22:00:00,CNC-04,6050,1186,1.223,38.6,3.67,T-06,527,Running
2026-09-15 00:00:00,CNC-08,6076,1214,1.181,37.22,4.01,T-17,508,Running
2026-09-15 00:00:00,CNC-07,6022,1160,1.288,37.07,4.38,T-19,652,Running
2026-09-15 00:00:00,CNC-06,6006,1163,1.655,40.73,4.99,T-13,879,Running
2026-09-15 00:00:00,CNC-05,6179,1195,1.172,36.58,3.94,T-12,540,Running
2026-09-15 00:00:00,CNC-04,5852,1217,1.218,35.41,3.64,T-02,936,Running
2026-09-15 00:00:00,CNC-03,6085,1177,3.664,39.34,4.88,T-19,1020,Warning
2026-09-15 00:00:00,CNC-01,5881,1219,1.044,38.9,4.1,T-10,341,Running
2026-09-15 00:00:00,CNC-02,6054,1161,1.399,40.19,3.98,T-10,695,Running
2026-09-15 02:00:00,CNC-08,5961,1191,1.121,35.62,4.07,T-19,568,Running
2026-09-15 02:00:00,CNC-07,6116,1225,1.249,38.69,4.07,T-13,774,Running
2026-09-15 02:00:00,CNC-01,5951,1211,1.212,37.34,4.43,T-03,697,Running
2026-09-15 02:00:00,CNC-02,6050,1188,1.346,39.52,3.96,T-10,749,Running
2026-09-15 02:00:00,CNC-03,5901,1177,3.606,41.74,4.71,T-09,705,Warning
2026-09-15 02:00:00,CNC-04,5901,1220,1.45,37.55,4.23,T-05,823,Running
2026-09-15 02:00:00,CNC-05,5953,1167,0.977,36.29,4.32,T-14,478,Running
2026-09-15 02:00:00,CNC-06,5868,1180,1.622,40.81,4.7,T-06,1015,Running
2026-09-15 04:00:00,CNC-04,5956,1160,1.094,38.25,4.04,T-18,968,Running
2026-09-15 04:00:00,CNC-01,6174,1223,1.032,38.46,4.13,T-13,486,Running
2026-09-15 04:00:00,CNC-02,6075,1169,1.489,40.0,4.5,T-12,309,Running
2026-09-15 04:00:00,CNC-03,5917,1206,3.468,40.6,4.67,T-11,260,Warning
2026-09-15 04:00:00,CNC-07,5944,1198,1.231,36.81,4.43,T-03,583,Running
2026-09-15 04:00:00,CNC-06,5954,1200,1.458,41.4,5.05,T-13,848,Running
2026-09-15 04:00:00,CNC-05,6014,1183,0.918,36.67,4.24,T-03,368,Running
2026-09-15 04:00:00,CNC-08,5766,1230,1.009,36.46,3.91,T-03,924,Running
2026-09-15 06:00:00,CNC-01,5933,1184,0.891,37.12,4.47,T-04,397,Running
2026-09-15 06:00:00,CNC-02,5966,1201,1.417,39.03,4.47,T-12,747,Running
2026-09-15 06:00:00,CNC-03,6003,1186,3.832,40.65,4.59,T-10,365,Warning
2026-09-15 06:00:00,CNC-07,5933,1201,1.268,37.96,4.19,T-14,1442,Running
2026-09-15 06:00:00,CNC-05,6032,1264,1.1,38.92,3.66,T-11,395,Running
2026-09-15 06:00:00,CNC-06,5910,1157,1.455,43.7,4.72,T-19,1173,Running
2026-09-15 06:00:00,CNC-07,6137,1243,1.241,39.01,4.32,T-06,844,Running
2026-09-15 06:00:00,CNC-08,5904,1183,1.141,38.47,3.36,T-13,357,Running
2026-09-15 06:00:00,CNC-04,6004,1167,1.252,37.37,4.25,T-13,972,Running
2026-09-15 06:12:00,CNC-07,6015,1213,1.415,38.32,4.24,T-14,1452,Running
2026-09-15 06:24:00,CNC-07,6001,1189,1.545,38.61,4.21,T-14,1462,Running
2026-09-15 06:36:00,CNC-07,6004,1191,1.596,38.41,4.23,T-14,1472,Running
2026-09-15 06:48:00,CNC-07,6024,1185,1.659,39.02,4.3,T-14,1482,Running
2026-09-15 07:00:00,CNC-07,5953,1207,1.67,39.01,4.29,T-14,1492,Running
2026-09-15 07:12:00,CNC-07,6031,1187,1.769,39.34,4.33,T-14,1502,Running
2026-09-15 07:24:00,CNC-07,5971,1217,1.86,39.03,4.36,T-14,1512,Running
2026-09-15 07:36:00,CNC-07,6045,1200,1.828,39.56,4.4,T-14,1522,Running
2026-09-15 07:48:00,CNC-07,6057,1192,1.924,39.67,4.42,T-14,1532,Running
2026-09-15 08:00:00,CNC-07,6092,1205,2.035,39.91,4.42,T-14,1542,Running
2026-09-15 08:00:00,CNC-02,6173,1152,1.058,38.6,3.98,T-08,1222,Running
2026-09-15 08:00:00,CNC-01,6019,1238,1.219,37.78,4.66,T-19,1055,Running
2026-09-15 08:00:00,CNC-03,6093,1241,3.617,43.05,5.39,T-16,1143,Warning
2026-09-15 08:00:00,CNC-04,5967,1256,1.463,36.75,4.05,T-16,576,Running
2026-09-15 08:00:00,CNC-05,6021,1246,1.161,34.83,4.25,T-02,213,Running
2026-09-15 08:00:00,CNC-06,5879,1174,1.355,40.96,4.53,T-01,647,Running
2026-09-15 08:00:00,CNC-07,6146,1202,1.185,39.72,4.31,T-16,232,Running
2026-09-15 08:00:00,CNC-08,5834,1222,1.228,36.97,3.94,T-09,1297,Running
2026-09-15 08:12:00,CNC-07,6052,1205,2.005,39.92,4.47,T-14,1552,Running
2026-09-15 08:24:00,CNC-07,5930,1196,2.066,39.83,4.5,T-14,1562,Running
2026-09-15 08:36:00,CNC-07,5988,1193,2.052,40.05,4.61,T-14,1572,Running
2026-09-15 08:48:00,CNC-07,6036,1207,2.196,40.31,4.63,T-14,1582,Running
2026-09-15 09:00:00,CNC-07,6039,1210,2.188,40.48,4.67,T-14,1592,Running
2026-09-15 09:12:00,CNC-07,6002,1194,2.424,40.52,4.69,T-14,1602,Running
2026-09-15 09:24:00,CNC-07,6061,1188,2.381,40.67,4.7,T-14,1612,Running
2026-09-15 09:36:00,CNC-07,5961,1235,2.374,40.62,4.66,T-14,1622,Running
2026-09-15 09:48:00,CNC-07,5948,1201,2.485,41.08,4.68,T-14,1632,Running
2026-09-15 10:00:00,CNC-07,5942,1210,2.543,41.14,4.77,T-14,1642,Running
2026-09-15 10:00:00,CNC-08,5851,1237,1.182,37.34,4.07,T-07,959,Running
2026-09-15 10:00:00,CNC-06,5774,1210,1.679,43.76,5.21,T-16,1154,Running
2026-09-15 10:00:00,CNC-05,5976,1197,1.123,35.64,3.77,T-08,858,Running
2026-09-15 10:00:00,CNC-03,6261,1270,3.3,42.31,4.69,T-07,644,Warning
2026-09-15 10:00:00,CNC-02,5805,1163,1.346,39.29,4.57,T-07,305,Running
2026-09-15 10:00:00,CNC-01,5783,1207,1.205,38.81,4.16,T-05,995,Running
2026-09-15 10:00:00,CNC-04,5965,1171,1.334,39.09,3.9,T-04,1180,Running
2026-09-15 10:12:00,CNC-07,5991,1196,2.727,41.09,4.75,T-14,1652,Running
2026-09-15 10:24:00,CNC-07,5991,1208,2.735,41.28,4.83,T-14,1662,Running
2026-09-15 10:36:00,CNC-07,6001,1172,2.765,41.53,4.78,T-14,1672,Running
2026-09-15 10:48:00,CNC-07,5991,1217,2.801,41.92,4.84,T-14,1682,Running
2026-09-15 11:00:00,CNC-07,5953,1183,2.968,41.82,4.85,T-14,1692,Warning
2026-09-15 11:12:00,CNC-07,6020,1182,3.045,42.14,4.89,T-14,1702,Warning
2026-09-15 11:24:00,CNC-07,6001,1214,3.083,42.02,4.89,T-14,1712,Warning
2026-09-15 11:36:00,CNC-07,6057,1199,3.108,42.13,5.02,T-14,1722,Warning
2026-09-15 11:48:00,CNC-07,5997,1177,3.037,42.24,5.05,T-14,1732,Warning
2026-09-15 12:00:00,CNC-03,5954,1182,3.784,41.79,5.13,T-11,685,Warning
2026-09-15 12:00:00,CNC-01,6048,1258,0.932,37.28,4.61,T-08,290,Running
2026-09-15 12:00:00,CNC-02,5821,1183,1.276,39.48,4.36,T-02,486,Running
2026-09-15 12:00:00,CNC-07,6067,1207,3.288,42.38,4.99,T-14,1742,Warning
2026-09-15 12:00:00,CNC-04,5818,1177,1.639,38.59,4.5,T-10,763,Running
2026-09-15 12:00:00,CNC-05,5900,1153,0.987,39.62,3.9,T-16,296,Running
2026-09-15 12:00:00,CNC-06,6136,1201,1.394,41.55,4.93,T-11,1052,Running
2026-09-15 12:00:00,CNC-08,6150,1192,1.307,38.33,3.64,T-05,1148,Running
2026-09-15 12:12:00,CNC-07,5940,1211,3.203,42.66,5.08,T-14,1752,Warning
2026-09-15 12:24:00,CNC-07,5982,1197,3.334,42.73,5.13,T-14,1762,Warning
2026-09-15 12:36:00,CNC-07,5988,1175,3.384,42.84,5.08,T-14,1772,Warning
2026-09-15 12:48:00,CNC-07,6047,1214,3.497,43.14,5.19,T-14,1782,Warning
2026-09-15 13:00:00,CNC-07,6022,1199,3.462,43.58,5.15,T-14,1792,Critical
2026-09-15 13:12:00,CNC-07,5970,1203,3.66,43.85,5.18,T-14,1802,Critical
2026-09-15 13:24:00,CNC-07,5935,1203,3.686,43.49,5.23,T-14,1812,Critical
2026-09-15 13:36:00,CNC-07,5996,1213,3.716,43.97,5.26,T-14,1822,Critical
2026-09-15 13:48:00,CNC-07,6002,1196,3.725,44.14,5.31,T-14,1832,Critical
2026-09-15 14:00:00,CNC-02,6178,1152,1.562,40.68,4.19,T-14,966,Running
2026-09-15 14:00:00,CNC-03,5957,1189,3.509,40.39,4.65,T-13,364,Warning
2026-09-15 14:00:00,CNC-04,6001,1202,1.377,35.6,4.03,T-18,1004,Running
2026-09-15 14:00:00,CNC-05,6053,1204,0.867,37.24,3.78,T-01,811,Running
2026-09-15 14:00:00,CNC-08,5927,1171,1.203,37.45,3.57,T-14,232,Running
2026-09-15 14:00:00,CNC-01,6073,1228,1.369,37.88,4.46,T-02,341,Running
2026-09-15 14:00:00,CNC-06,6002,1192,1.665,41.92,5.27,T-05,764,Running
