component_id,machine_id,spindle_speed,feed_rate,depth_of_cut,coolant_temperature,tool_id
CNC-2501,CNC-01,6110,1214,2.5,20.9,T-20
CNC-2502,CNC-01,5964,1206,2.5,22.1,T-20
CNC-2503,CNC-01,6009,1182,2.5,20.0,T-03
CNC-2504,CNC-02,5983,1202,2.5,22.9,T-08
CNC-2505,CNC-02,5978,1197,2.5,20.8,T-18
CNC-2506,CNC-02,5950,1191,2.5,22.8,T-08
CNC-2507,CNC-03,5834,1187,2.5,22.4,T-20
CNC-2508,CNC-03,6030,1201,2.5,22.3,T-01
CNC-2509,CNC-03,6000,1205,2.5,23.2,T-20
CNC-2510,CNC-04,6060,1211,2.5,19.9,T-11
CNC-2511,CNC-04,6059,1203,2.5,22.1,T-10
CNC-2512,CNC-04,5994,1183,2.5,20.1,T-12
CNC-2513,CNC-05,5991,1207,2.5,21.6,T-07
CNC-2514,CNC-05,6108,1197,2.5,23.0,T-04
CNC-2515,CNC-05,6017,1227,2.5,21.5,T-03
CNC-2516,CNC-06,5960,1219,2.5,22.3,T-07
CNC-2517,CNC-06,5928,1162,2.5,22.4,T-14
CNC-2518,CNC-06,6011,1207,2.5,23.4,T-05
CNC-2519,CNC-07,6017,1175,2.5,21.6,T-06
CNC-2520,CNC-07,5900,1181,2.5,22.6,T-19
CNC-2521,CNC-07,5991,1201,2.5,22.2,T-13
CNC-2522,CNC-08,5984,1175,2.5,19.8,T-04
CNC-2523,CNC-08,6093,1210,2.5,20.1,T-19
CNC-2524,CNC-08,5989,1203,2.5,22.0,T-12
CNC-2525,CNC-01,5977,1244,2.5,20.5,T-03
CNC-2526,CNC-01,6045,1175,2.5,20.1,T-13
CNC-2527,CNC-01,5998,1164,2.5,21.7,T-05
CNC-2528,CNC-02,6068,1187,2.5,21.0,T-18
CNC-2529,CNC-02,6007,1199,2.5,23.9,T-12
CNC-2530,CNC-02,6011,1182,2.5,21.7,T-18
CNC-2531,CNC-03,6040,1194,2.5,21.0,T-18
CNC-2532,CNC-03,6105,1206,2.5,22.1,T-12
CNC-2533,CNC-03,6017,1237,2.5,21.0,T-06
CNC-2534,CNC-04,6049,1193,2.5,22.8,T-07
CNC-2535,CNC-04,5938,1206,2.5,21.3,T-18
CNC-2536,CNC-04,5966,1208,2.5,21.1,T-10
CNC-2537,CNC-05,5953,1223,2.5,23.0,T-11
CNC-2538,CNC-05,6040,1214,2.5,22.8,T-08
CNC-2539,CNC-05,5965,1225,2.5,20.9,T-15
CNC-2540,CNC-06,6052,1217,2.5,22.4,T-19
CNC-2541,CNC-06,6037,1200,2.5,18.7,T-06
CNC-2542,CNC-06,5930,1196,2.5,21.1,T-08
CNC-2543,CNC-07,6040,1184,2.5,22.6,T-11
CNC-2544,CNC-07,5942,1222,2.5,21.7,T-12
CNC-2545,CNC-07,6053,1166,2.5,22.6,T-03
CNC-2546,CNC-08,5979,1197,2.5,22.1,T-05
CNC-2547,CNC-08,6075,1175,2.5,19.8,T-03
CNC-2548,CNC-08,5939,1201,2.5,22.1,T-01
CNC-2549,CNC-01,5940,1192,2.5,20.7,T-02
CNC-2550,CNC-01,6015,1190,2.5,19.5,T-18
CNC-2551,CNC-01,5995,1183,2.5,22.1,T-19
CNC-2552,CNC-02,5999,1198,2.5,21.0,T-15
CNC-2553,CNC-02,6052,1170,2.5,21.6,T-08
CNC-2554,CNC-02,5922,1207,2.5,20.7,T-20
CNC-2555,CNC-03,6069,1190,2.5,22.0,T-19
CNC-2556,CNC-03,5942,1191,2.5,21.4,T-05
CNC-2557,CNC-03,6004,1215,2.5,22.2,T-16
CNC-2558,CNC-04,6009,1215,2.5,22.3,T-08
CNC-2559,CNC-04,6089,1179,2.5,20.9,T-16
CNC-2560,CNC-04,5994,1193,2.5,22.6,T-02
CNC-2561,CNC-05,6019,1186,2.5,20.1,T-09
CNC-2562,CNC-05,5979,1180,2.5,20.4,T-18
CNC-2563,CNC-05,5951,1197,2.5,22.6,T-03
CNC-2564,CNC-06,5995,1215,2.5,20.4,T-08
CNC-2565,CNC-06,6004,1198,2.5,20.5,T-16
CNC-2566,CNC-06,6013,1183,2.5,20.7,T-05
CNC-2567,CNC-07,6018,1217,2.5,21.4,T-05
CNC-2568,CNC-07,5956,1195,2.5,20.8,T-04
CNC-2569,CNC-07,5933,1203,2.5,22.0,T-16
CNC-2570,CNC-08,6002,1189,2.5,21.9,T-14
CNC-2571,CNC-08,6063,1206,2.5,21.2,T-17
CNC-2572,CNC-08,6097,1179,2.5,22.9,T-02
CNC-2573,CNC-01,5933,1168,2.5,21.4,T-19
CNC-2574,CNC-01,5988,1182,2.5,22.3,T-10
CNC-2575,CNC-01,6045,1233,2.5,20.7,T-16
CNC-2576,CNC-02,6051,1203,2.5,22.5,T-20
CNC-2577,CNC-02,5992,1231,2.5,19.8,T-17
CNC-2578,CNC-02,5968,1217,2.5,22.9,T-11
CNC-2579,CNC-03,6026,1208,2.5,22.0,T-05
CNC-2580,CNC-03,5914,1190,2.5,20.6,T-17
CNC-2581,CNC-03,5916,1175,2.5,21.0,T-20
CNC-2582,CNC-04,5999,1189,2.5,20.9,T-18
CNC-2583,CNC-04,5997,1199,2.5,21.6,T-20
CNC-2584,CNC-04,5993,1223,2.5,20.4,T-14
CNC-2585,CNC-05,6053,1191,2.5,21.9,T-08
CNC-2586,CNC-05,6072,1231,2.5,20.2,T-13
CNC-2587,CNC-05,6021,1206,2.5,20.2,T-19
CNC-2588,CNC-06,5890,1223,2.5,21.8,T-16
CNC-2589,CNC-06,5972,1207,2.5,22.3,T-18
CNC-2590,CNC-06,5988,1229,2.5,21.0,T-01
CNC-2591,CNC-07,5980,1205,2.5,21.6,T-11
CNC-2592,CNC-07,5968,1212,2.5,21.0,T-14
CNC-2593,CNC-07,5881,1159,2.5,20.5,T-12
CNC-2594,CNC-08,5948,1204,2.5,21.5,T-13
CNC-2595,CNC-08,5946,1191,2.5,20.2,T-12
CNC-2596,CNC-08,5959,1191,2.5,19.7,T-10
CNC-2597,CNC-01,5999,1178,2.5,21.9,T-04
CNC-2598,CNC-01,6035,1208,2.5,22.7,T-06
CNC-2599,CNC-01,5974,1170,2.5,19.4,T-20
CNC-2600,CNC-02,6045,1212,2.5,20.2,T-06
CNC-2601,CNC-02,6047,1190,2.5,19.4,T-16
CNC-2602,CNC-02,6047,1175,2.5,21.4,T-03
CNC-2603,CNC-03,5954,1184,2.5,20.3,T-13
CNC-2604,CNC-03,6030,1210,2.5,23.4,T-20
CNC-2605,CNC-03,6021,1227,2.5,22.7,T-01
CNC-2606,CNC-04,6012,1180,2.5,21.4,T-17
CNC-2607,CNC-04,5943,1180,2.5,20.7,T-08
CNC-2608,CNC-04,6001,1237,2.5,21.5,T-12
CNC-2609,CNC-05,5969,1215,2.5,24.9,T-13
CNC-2610,CNC-05,6008,1187,2.5,21.6,T-19
CNC-2611,CNC-05,5979,1236,2.5,18.9,T-18
CNC-2612,CNC-06,6104,1195,2.5,19.7,T-19
CNC-2613,CNC-06,5951,1205,2.5,23.1,T-07
CNC-2614,CNC-06,6051,1206,2.5,21.4,T-01
CNC-2615,CNC-07,5986,1208,2.5,21.8,T-10
CNC-2616,CNC-07,5972,1210,2.5,23.9,T-17
CNC-2617,CNC-07,6062,1194,2.5,20.1,T-15
CNC-2618,CNC-08,5872,1178,2.5,21.6,T-08
CNC-2619,CNC-08,6037,1182,2.5,21.8,T-19
CNC-2620,CNC-08,6029,1230,2.5,23.0,T-09
CNC-2621,CNC-01,6015,1180,2.5,21.4,T-08
CNC-2622,CNC-01,5999,1207,2.5,21.3,T-12
CNC-2623,CNC-01,5933,1219,2.5,20.7,T-03
CNC-2624,CNC-02,6053,1181,2.5,24.0,T-11
CNC-2625,CNC-02,5985,1248,2.5,21.7,T-19
CNC-2626,CNC-02,6000,1196,2.5,20.7,T-07
CNC-2627,CNC-03,6012,1237,2.5,19.1,T-07
CNC-2628,CNC-03,6068,1205,2.5,20.2,T-20
CNC-2629,CNC-03,5935,1177,2.5,21.8,T-16
CNC-2630,CNC-04,5974,1187,2.5,23.7,T-18
CNC-2631,CNC-04,6039,1182,2.5,22.3,T-19
CNC-2632,CNC-04,6034,1194,2.5,21.3,T-17
CNC-2633,CNC-05,5938,1203,2.5,21.3,T-14
CNC-2634,CNC-05,6081,1203,2.5,20.1,T-17
CNC-2635,CNC-05,5982,1178,2.5,20.2,T-04
CNC-2636,CNC-06,6002,1184,2.5,22.3,T-01
CNC-2637,CNC-06,6020,1190,2.5,21.0,T-20
CNC-2638,CNC-06,6056,1185,2.5,21.6,T-09
CNC-2639,CNC-07,5953,1209,2.5,20.8,T-16
CNC-2640,CNC-07,6037,1175,2.5,20.7,T-12
CNC-2641,CNC-07,5964,1166,2.5,22.0,T-19
CNC-2642,CNC-08,5939,1208,2.5,22.0,T-09
CNC-2643,CNC-08,5993,1200,2.5,20.9,T-05
CNC-2644,CNC-08,6000,1214,2.5,17.6,T-14
CNC-2645,CNC-01,6009,1183,2.5,20.3,T-11
CNC-2646,CNC-01,5987,1209,2.5,21.7,T-18
CNC-2647,CNC-01,6022,1179,2.5,21.9,T-07
CNC-2648,CNC-02,6013,1183,2.5,20.5,T-04
CNC-2649,CNC-02,5971,1217,2.5,22.7,T-09
CNC-2650,CNC-02,5904,1208,2.5,23.6,T-12
CNC-2651,CNC-03,6039,1230,2.5,23.0,T-18
CNC-2652,CNC-03,6053,1203,2.5,20.8,T-12
CNC-2653,CNC-03,5969,1211,2.5,20.2,T-03
CNC-2654,CNC-04,5947,1218,2.5,22.7,T-05
CNC-2655,CNC-04,5912,1183,2.5,21.0,T-20
CNC-2656,CNC-04,6021,1188,2.5,22.5,T-03
CNC-2657,CNC-05,5960,1187,2.5,23.1,T-09
CNC-2658,CNC-05,5884,1199,2.5,22.0,T-15
CNC-2659,CNC-05,5972,1206,2.5,20.0,T-15
CNC-2660,CNC-06,6025,1199,2.5,22.1,T-01
CNC-2661,CNC-06,6012,1219,2.5,23.5,T-03
CNC-2662,CNC-06,6040,1195,2.5,23.8,T-04
CNC-2663,CNC-07,5835,1190,2.5,21.4,T-13
CNC-2664,CNC-07,6028,1176,2.5,21.4,T-04
CNC-2665,CNC-07,6010,1232,2.5,19.4,T-10
CNC-2666,CNC-08,5981,1202,2.5,21.1,T-15
CNC-2667,CNC-08,6028,1186,2.5,21.3,T-12
CNC-2668,CNC-08,6020,1223,2.5,19.1,T-16
CNC-2669,CNC-01,6075,1194,2.5,20.9,T-05
CNC-2670,CNC-01,5970,1199,2.5,20.4,T-06
CNC-2671,CNC-01,5929,1195,2.5,19.0,T-14
CNC-2672,CNC-02,5968,1201,2.5,22.7,T-10
CNC-2673,CNC-02,5974,1211,2.5,22.0,T-10
CNC-2674,CNC-02,6004,1200,2.5,23.0,T-10
CNC-2675,CNC-03,5993,1200,2.5,20.9,T-10
CNC-2676,CNC-03,5981,1221,2.5,22.8,T-16
CNC-2677,CNC-03,5926,1179,2.5,21.6,T-10
CNC-2678,CNC-04,6036,1181,2.5,20.6,T-18
CNC-2679,CNC-04,5984,1171,2.5,21.1,T-06
CNC-2680,CNC-04,6019,1182,2.5,21.6,T-13
CNC-2681,CNC-05,6026,1171,2.5,20.5,T-20
CNC-2682,CNC-05,5950,1198,2.5,20.6,T-10
CNC-2683,CNC-05,6017,1215,2.5,22.3,T-03
CNC-2684,CNC-06,5973,1190,2.5,20.8,T-15
CNC-2685,CNC-06,6076,1243,2.5,21.0,T-01
CNC-2686,CNC-06,6021,1196,2.5,21.7,T-01
CNC-2687,CNC-07,6003,1211,2.5,23.4,T-01
CNC-2688,CNC-07,6051,1205,2.5,21.8,T-16
CNC-2689,CNC-07,5913,1208,2.5,20.1,T-12
CNC-2690,CNC-08,6040,1209,2.5,23.3,T-11
CNC-2691,CNC-08,6050,1209,2.5,22.3,T-13
CNC-2692,CNC-08,5976,1197,2.5,22.2,T-07
CNC-2693,CNC-01,5898,1235,2.5,21.6,T-08
CNC-2694,CNC-01,5986,1166,2.5,21.5,T-08
CNC-2695,CNC-01,5982,1188,2.5,22.0,T-17
CNC-2696,CNC-02,5960,1187,2.5,21.1,T-13
CNC-2697,CNC-02,5997,1174,2.5,23.0,T-02
CNC-2698,CNC-02,6071,1213,2.5,21.5,T-04
CNC-2699,CNC-03,6036,1197,2.5,23.9,T-07
CNC-2700,CNC-03,6027,1198,2.5,21.2,T-14
CNC-2701,CNC-03,6014,1200,2.5,22.1,T-08
CNC-2702,CNC-04,5973,1201,2.5,21.2,T-16
CNC-2703,CNC-04,6058,1215,2.5,20.6,T-16
CNC-2704,CNC-04,6026,1189,2.5,23.1,T-02
CNC-2705,CNC-05,5956,1201,2.5,19.5,T-05
CNC-2706,CNC-05,5918,1207,2.5,22.0,T-18
CNC-2707,CNC-05,6048,1202,2.5,20.3,T-07
CNC-2708,CNC-06,6014,1193,2.5,21.5,T-05
CNC-2709,CNC-06,5989,1187,2.5,20.0,T-18
CNC-2710,CNC-06,5988,1160,2.5,20.5,T-06
CNC-2711,CNC-07,6054,1186,2.5,22.0,T-20
CNC-2712,CNC-07,5989,1210,2.5,20.2,T-03
CNC-2713,CNC-07,6071,1200,2.5,20.1,T-15
CNC-2714,CNC-08,5896,1186,2.5,21.2,T-13
CNC-2715,CNC-08,6005,1231,2.5,20.7,T-20
CNC-2716,CNC-08,5970,1186,2.5,21.8,T-18
CNC-2717,CNC-01,5966,1188,2.5,19.6,T-05
CNC-2718,CNC-01,6038,1234,2.5,22.6,T-11
CNC-2719,CNC-01,6005,1204,2.5,22.4,T-05
CNC-2720,CNC-02,6002,1165,2.5,21.0,T-04
CNC-2721,CNC-02,5923,1194,2.5,20.5,T-16
CNC-2722,CNC-02,6010,1199,2.5,22.3,T-09
CNC-2723,CNC-03,5935,1161,2.5,21.3,T-07
CNC-2724,CNC-03,6014,1178,2.5,19.8,T-03
CNC-2725,CNC-03,6038,1168,2.5,23.0,T-14
CNC-2726,CNC-04,5964,1207,2.5,21.9,T-02
CNC-2727,CNC-04,6030,1206,2.5,21.6,T-10
CNC-2728,CNC-04,6046,1187,2.5,23.1,T-17
CNC-2729,CNC-05,5964,1178,2.5,21.3,T-17
CNC-2730,CNC-05,5977,1199,2.5,20.1,T-06
CNC-2731,CNC-05,5965,1217,2.5,19.5,T-19
CNC-2732,CNC-06,5979,1208,2.5,22.0,T-14
CNC-2733,CNC-06,5966,1179,2.5,22.6,T-11
CNC-2734,CNC-06,6016,1175,2.5,20.5,T-20
CNC-2735,CNC-07,6028,1182,2.5,24.9,T-11
CNC-2736,CNC-07,5960,1201,2.5,22.0,T-14
CNC-2737,CNC-07,6011,1154,2.5,23.0,T-13
CNC-2738,CNC-08,6042,1200,2.5,20.7,T-09
CNC-2739,CNC-08,6066,1197,2.5,21.5,T-02
CNC-2740,CNC-08,6078,1257,2.5,23.2,T-17
CNC-2813,CNC-07,6009,1216,2.5,21.6,T-14
CNC-2814,CNC-07,5881,1219,2.5,21.9,T-14
CNC-2815,CNC-07,5935,1198,2.5,19.1,T-14
CNC-2816,CNC-07,5990,1188,2.5,21.0,T-14
CNC-2817,CNC-07,5990,1241,2.5,21.7,T-14
CNC-2818,CNC-07,6038,1191,2.5,21.5,T-14
CNC-2819,CNC-07,5968,1194,2.5,23.0,T-14
CNC-2820,CNC-07,6020,1176,2.5,22.4,T-14
CNC-2821,CNC-07,6062,1181,2.5,21.7,T-14
CNC-2822,CNC-07,5979,1196,2.5,21.7,T-14
CNC-2823,CNC-07,6017,1181,2.5,21.2,T-14
CNC-2824,CNC-07,5889,1179,2.5,22.0,T-14
CNC-2825,CNC-07,5894,1218,2.5,23.6,T-14
CNC-2826,CNC-07,6058,1199,2.5,23.0,T-14
CNC-2827,CNC-07,6063,1187,2.5,19.2,T-14
CNC-2828,CNC-07,5987,1182,2.5,21.2,T-14
CNC-2829,CNC-07,5959,1192,2.5,21.3,T-14
CNC-2830,CNC-07,5972,1168,2.5,21.3,T-14
CNC-2831,CNC-07,6082,1193,2.5,17.8,T-14
CNC-2832,CNC-07,5990,1168,2.5,21.0,T-14
CNC-2833,CNC-07,6027,1214,2.5,22.4,T-14
CNC-2834,CNC-07,6012,1185,2.5,19.5,T-14
CNC-2835,CNC-07,5957,1212,2.5,21.2,T-14
CNC-2836,CNC-07,5919,1186,2.5,20.8,T-14
CNC-2837,CNC-07,5948,1215,2.5,21.6,T-14
CNC-2838,CNC-07,5935,1185,2.5,17.7,T-14
CNC-2839,CNC-07,5994,1221,2.5,21.4,T-14
CNC-2840,CNC-07,5939,1215,2.5,20.9,T-14
CNC-2841,CNC-07,5978,1209,2.5,22.3,T-14
CNC-2842,CNC-07,6060,1201,2.5,20.5,T-14
CNC-2843,CNC-07,5945,1230,2.5,20.8,T-14
CNC-2844,CNC-07,5933,1157,2.5,22.0,T-14
CNC-2845,CNC-07,6007,1230,2.5,22.5,T-14
CNC-2846,CNC-07,6067,1228,2.5,22.6,T-14
CNC-2847,CNC-07,6000,1200,2.5,23.8,T-14
